{"name":"504883f7-f763-3403-c7a8-57316cc091f9","id":"/providers/Microsoft.Flow/flows/504883f7-f763-3403-c7a8-57316cc091f9","type":"Microsoft.Flow/flows","properties":{"apiId":"/providers/Microsoft.PowerApps/apis/shared_logicflows","displayName":"Entra AD App Registration Expiring Secrets and Certs","definition":{"metadata":{"workflowEntityId":"95a7a7b8-aa4f-f011-8779-00224802cb4d","processAdvisorMetadata":null,"flowChargedByPaygo":null,"flowclientsuspensionreason":"None","flowclientsuspensiontime":null,"flowclientsuspensionreasondetails":null,"creator":{"id":"cf92ffcb-71a8-4919-9068-e1e7b170f02c","type":"User","tenantId":"b5976420-83ee-4ae8-b567-aa3d16095d7a"},"provisioningMethod":"FromDefinition","failureAlertSubscription":true,"clientLastModifiedTime":"2025-06-26T02:54:03.663711Z","connectionKeySavedTimeKey":"2025-06-26T02:54:03.663711Z","creationSource":null},"$schema":"https://schema.management.azure.com/providers/Microsoft.Logic/schemas/2016-06-01/workflowdefinition.json#","contentVersion":"1.0.0.0","parameters":{"$connections":{"defaultValue":{},"type":"Object"},"$authentication":{"defaultValue":{},"type":"SecureObject"}},"triggers":{"Recurrence":{"recurrence":{"frequency":"Month","interval":1},"metadata":{"operationMetadataId":"9b8771ad-33be-4a62-a499-416a9c332eec"},"type":"Recurrence"}},"actions":{"varApplicationDetails":{"runAfter":{"CSS":["Succeeded"]},"metadata":{"operationMetadataId":"0799cead-8a44-4506-a0c2-5d5357cf6366"},"type":"InitializeVariable","inputs":{"variables":[{"name":"varApplicationDetails","type":"array"}]}},"varNextLink":{"runAfter":{"varAttachment":["Succeeded"]},"metadata":{"operationMetadataId":"912d1fc7-9ed7-4720-8985-5a9cac8b207b"},"type":"InitializeVariable","inputs":{"variables":[{"name":"varNextLink","type":"string","value":"https://graph.microsoft.com/v1.0/applications?$select=id,appId,displayName,passwordCredentials,keyCredentials,createdDateTime&$top=999 "}]}},"Do_until":{"actions":{"Get_Applications":{"runAfter":{},"metadata":{"operationMetadataId":"562e6d0d-2440-438f-8e46-74b595ae9017"},"type":"Http","inputs":{"method":"GET","uri":"@variables('varNextLink')","headers":{"Authorization":"@body('Parse_JSON')?['access_token']"}}},"Filter_-_Having_Password_Creds":{"runAfter":{"Get_Applications":["Succeeded"]},"metadata":{"operationMetadataId":"620b85f6-14f3-47c1-9e86-c93cd33695ac"},"type":"Query","inputs":{"from":"@body('Get_Applications')?['value']","where":"@equals(not(empty(item()?['passwordCredentials'])), true)"},"description":"not(empty(item()?['passwordCredentials']))"},"Apply_to_each_Application":{"foreach":"@body('Filter_-_Having_Password_Creds')","actions":{"Get_Secret_Owner":{"runAfter":{},"metadata":{"operationMetadataId":"c5668b8f-97d5-4d56-af3a-7092e0d0edfe"},"type":"Http","inputs":{"method":"GET","uri":"https://graph.microsoft.com/v1.0/applications/@{items('Apply_to_each_Application')?['id']}/owners","headers":{"Authorization":"@body('Parse_JSON')?['access_token']"}}},"Apply_to_each_Secret":{"foreach":"@sort(items('Apply_to_each_Application')?['passwordCredentials'],'endDateTime')","actions":{"Append_to_Secret_Array":{"runAfter":{"FontColorSecret":["Succeeded"]},"metadata":{"operationMetadataId":"bad563ed-938c-4612-a07c-07b735bf354c"},"type":"AppendToArrayVariable","inputs":{"name":"varApplicationDetails","value":{"Type":"Secret","AppId":"@items('Apply_to_each_Application')?['appId']","DisplayName":"@items('Apply_to_each_Application')?['displayName']","StartDate":"@formatDateTime(items('Apply_to_each_Secret')?['startDateTime'], 'g')","ExpirationDate":"@formatDateTime(items('Apply_to_each_Secret')?['endDateTime'], 'g')","DaysUntilExpire":"@outputs('DaysUntilExpire')","OwnerEmails":"@outputs('Join_Mail')"}},"description":"Days Until Expire: float(if(equals(length(outputs('Split_the_values')), 0), 0, if(contains(outputs('Split_the_values')[0], ':'), 0, outputs('Split_the_values')[0])))"},"Date_Diff_Secret":{"runAfter":{},"metadata":{"operationMetadataId":"3011a756-e5ba-4cd5-8ec7-1692a99bc09a"},"type":"Compose","inputs":"@split(dateDifference(utcNow(),item()?['endDateTime']),'.')","description":"split(dateDifference(utcNow(),item()?['endDateTime']),'.')"},"Secret_Deep_Link":{"runAfter":{"Date_Diff_Secret":["Succeeded"]},"metadata":{"operationMetadataId":"1be03681-bb71-4230-8890-f229ba51d626"},"type":"Compose","inputs":"<a href=\"https://ms.portal.azure.com/#blade/Microsoft_AAD_RegisteredApps/ApplicationMenuBlade/Credentials/appId/@{items('Apply_to_each_Application')?['appId']}\">@{items('Apply_to_each_Application')?['displayName']}</a>"},"DaysUntilExpire":{"runAfter":{"Secret_Deep_Link":["Succeeded"]},"metadata":{"operationMetadataId":"a3c480b5-9f25-423e-b54b-703746b8c993"},"type":"Compose","inputs":"@float(if(equals(length(outputs('Date_Diff_Secret')), 0), 0, if(contains(outputs('Date_Diff_Secret')[0], ':'), 0, outputs('Date_Diff_Secret')[0])))"},"FontColorSecret":{"runAfter":{"DaysUntilExpire":["Succeeded"]},"metadata":{"operationMetadataId":"b6e5e43e-b985-4863-a397-48a27265ecb8"},"type":"Compose","inputs":"@if(\r\n  lessOrEquals(outputs('DaysUntilExpire'), variables('varDaysUntilExpire')),\r\n  '<font color=''red''>',\r\n  '<font color=''black''>'\r\n)\r\n"}},"runAfter":{"Application_Deep_Link":["Succeeded"]},"metadata":{"operationMetadataId":"0c6e68f3-d30e-482f-b699-05d1b4a03296"},"type":"Foreach","runtimeConfiguration":{"concurrency":{"repetitions":12}}},"Select_Owners":{"runAfter":{"Get_Secret_Owner":["Succeeded"]},"metadata":{"operationMetadataId":"d242c863-44db-4382-88f6-d1fd5414cae4"},"type":"Select","inputs":{"from":"@body('Get_Secret_Owner')?['value']","select":"@item()['mail']"}},"Apply_to_each_Cert":{"foreach":"@items('Apply_to_each_Application')?['keyCredentials']","actions":{"Date_Diff_Cert":{"runAfter":{},"metadata":{"operationMetadataId":"3011a756-e5ba-4cd5-8ec7-1692a99bc09a"},"type":"Compose","inputs":"@split(dateDifference(utcNow(), item()?['endDateTime']), '.')","description":"split(dateDifference(utcNow(),item()?['endDateTime']),'.')"},"Append_to_Cert_Array":{"runAfter":{"FontColorCert":["Succeeded"]},"metadata":{"operationMetadataId":"7c19f825-9486-415f-963c-e23f003e5797"},"type":"AppendToArrayVariable","inputs":{"name":"varApplicationDetails","value":{"Type":"Certificate","AppId":"@items('Apply_to_each_Application')?['appId']","DisplayName":"@items('Apply_to_each_Application')?['displayName']","StartDate":"@formatDateTime(items('Apply_to_each_Cert')?['startDateTime'], 'g')","ExpirationDate":"@formatDateTime(items('Apply_to_each_Cert')?['endDateTime'], 'g')","DaysUntilExpire":"@outputs('DaysUntilExpireCert')","OwnerEmails":"@outputs('Join_Mail')"}}},"DaysUntilExpireCert":{"runAfter":{"Date_Diff_Cert":["Succeeded"]},"metadata":{"operationMetadataId":"bb64f4a3-008c-4df6-be34-acef6b9d0668"},"type":"Compose","inputs":"@float(if(equals(length(outputs('Date_Diff_Cert')), 0), 0, if(contains(outputs('Date_Diff_Cert')[0], ':'), 0, outputs('Date_Diff_Cert')[0])))"},"FontColorCert":{"runAfter":{"DaysUntilExpireCert":["Succeeded"]},"metadata":{"operationMetadataId":"4375b561-d6ff-457d-8cd5-8d4c4c43c35d"},"type":"Compose","inputs":"@if(\n  lessOrEquals(outputs('DaysUntilExpireCert'), variables('varDaysUntilExpire')),\n  '<font color=''red''>',\n  '<font color=''black''>'\n)\n"}},"runAfter":{"Apply_to_each_Secret":["Succeeded"]},"metadata":{"operationMetadataId":"da14d4f4-4555-4549-ad76-98ecb35bc079"},"type":"Foreach"},"Application_Deep_Link":{"runAfter":{"Join_Mail":["Succeeded"]},"metadata":{"operationMetadataId":"cfea18d8-0df3-4217-8aed-0162cffe5bcd"},"type":"Compose","inputs":"<a href=\"https://ms.portal.azure.com/#blade/Microsoft_AAD_RegisteredApps/ApplicationMenuBlade/Credentials/appId/@{items('Apply_to_each_Application')?['appId']}\">@{items('Apply_to_each_Application')?['displayName']}</a>"},"Join_Mail":{"runAfter":{"Select_Owners":["Succeeded"]},"metadata":{"operationMetadataId":"23d33de4-8d52-44dd-997d-1aabc9837ae6"},"type":"Compose","inputs":"@join(body('Select_Owners'),';')"}},"runAfter":{"Filter_-_Having_Key_Credentials":["Succeeded"]},"metadata":{"operationMetadataId":"282d0a1e-f698-4b47-ad29-91beeb190963"},"type":"Foreach","runtimeConfiguration":{"concurrency":{"repetitions":20}}},"Set_Next_Link":{"runAfter":{"Apply_to_each_Application":["Succeeded"]},"metadata":{"operationMetadataId":"16ede646-08bf-420f-b67d-d639e507c076"},"type":"SetVariable","inputs":{"name":"varNextLink","value":"@{body('Get_Applications')?['@odata.nextlink']}"}},"Filter_-_Having_Key_Credentials":{"runAfter":{"Filter_-_Having_Password_Creds":["Succeeded"]},"metadata":{"operationMetadataId":"56ace91e-dd56-44a1-9e6b-2199ee9fe1b0"},"type":"Query","inputs":{"from":"@body('Get_Applications')?['value']","where":"@equals(not(empty(item()?['keyCredentials'])), true)"}}},"runAfter":{"varNextLink":["Succeeded"]},"expression":"@equals(empty(variables('varNextLink')), true)","limit":{"count":2,"timeout":"PT1H"},"metadata":{"operationMetadataId":"7200ff21-7cbc-4e8c-a16a-a51c0246f4a5"},"type":"Until","description":"empty(variables('varNextLink'))"},"varDaysUntilExpire":{"runAfter":{"varEmailTo":["Succeeded"]},"metadata":{"operationMetadataId":"a1643f98-df12-42c7-b62f-989a1846bbdf"},"type":"InitializeVariable","inputs":{"variables":[{"name":"varDaysUntilExpire","type":"float","value":14}]}},"Filter_and_Shape_Data":{"actions":{"Create_HTML_table":{"runAfter":{},"metadata":{"operationMetadataId":"921cd7bd-e167-4d2f-acfa-5f47585adb01"},"type":"Table","inputs":{"from":"@sort(variables('varApplicationDetails'),'DaysUntilExpire')","format":"HTML"}},"Select":{"runAfter":{"Create_HTML_table":["Succeeded"]},"metadata":{"operationMetadataId":"a33640de-c7ea-4993-a31c-823733ee8293"},"type":"Select","inputs":{"from":"@sort(variables('varApplicationDetails'),'DaysUntilExpire')","select":{"Type":"@item()?['Type']","DisplayName":"@item()?['DisplayName']","ExpirationDate":"@item()?['ExpirationDate']","DaysUntilExpire":"@item()?['DaysUntilExpire']"}}},"Create_HTML_table_Not_Expired":{"runAfter":{"Select_Not_Expired":["Succeeded"]},"metadata":{"operationMetadataId":"bc872236-d142-4074-9b7f-c3f1998277c4"},"type":"Table","inputs":{"from":"@body('Select_Not_Expired')","format":"HTML"}},"Select_Not_Expired":{"runAfter":{"Filter_array_-_Expire_in_x_Days":["Succeeded"]},"metadata":{"operationMetadataId":"a33640de-c7ea-4993-a31c-823733ee8293"},"type":"Select","inputs":{"from":"@body('Filter_array_-_Expire_in_x_Days')","select":{"Type":"@item()?['Type']","Display Name":"<a href=\"https://ms.portal.azure.com/#blade/Microsoft_AAD_RegisteredApps/ApplicationMenuBlade/Credentials/appId/@{item()?['AppId']}\">@{item()?['DisplayName']}</a>","Expiration Date":"@item()?['ExpirationDate']","Days Until Expire":"<font color=@{if(less(int(item()?['DaysUntilExpire']), variables('varDaysUntilExpire')),'red','black')}>@{item()?['DaysUntilExpire']}</font>"}}},"Filter_array_-_Expired":{"runAfter":{"Select":["Succeeded"]},"metadata":{"operationMetadataId":"8fc17651-83eb-4c01-8635-991a6496865c"},"type":"Query","inputs":{"from":"@body('Select')","where":"@less(item()?['DaysUntilExpire'], 0)"}},"Filter_array_-_Not_Expired":{"runAfter":{"Filter_array_-_Expired":["Succeeded"]},"metadata":{"operationMetadataId":"4cea06ab-a2ed-4c0a-9c09-ffb82b6b608a"},"type":"Query","inputs":{"from":"@body('Select')","where":"@greaterOrEquals(item()?['DaysUntilExpire'], 0)"}},"Filter_array_-_Expire_in_x_Days":{"runAfter":{"Filter_array_-_Not_Expired":["Succeeded"]},"metadata":{"operationMetadataId":"73511e68-98cd-4719-9692-67c2f5ec1201"},"type":"Query","inputs":{"from":"@body('Filter_array_-_Not_Expired')","where":"@less(item()?['DaysUntilExpire'], variables('varDaysUntilExpire'))"}},"Replace_Not_Expired":{"runAfter":{"Create_HTML_table_Not_Expired":["Succeeded"]},"metadata":{"operationMetadataId":"963bce74-e929-47c6-b119-a0c76c400f31"},"type":"Compose","inputs":"@replace(replace(replace(body('Create_HTML_table_Not_Expired'), '&lt;', '<'), '&gt;', '>'), '&quot;', '\"')"},"Select_Expired":{"runAfter":{"Replace_Not_Expired":["Succeeded"]},"metadata":{"operationMetadataId":"a33640de-c7ea-4993-a31c-823733ee8293"},"type":"Select","inputs":{"from":"@reverse(sort(body('Filter_array_-_Expired'),'DaysUntilExpire'))","select":{"Type":"@item()?['Type']","Display Name":"<a href=\"https://ms.portal.azure.com/#blade/Microsoft_AAD_RegisteredApps/ApplicationMenuBlade/Credentials/appId/@{item()?['AppId']}\">@{item()?['DisplayName']}</a>","Date Expired":"@item()?['ExpirationDate']","Days Since Expired":"@mul(item()?['DaysUntilExpire'],-1)"}}},"Create_HTML_table_Expired":{"runAfter":{"Select_Expired":["Succeeded"]},"metadata":{"operationMetadataId":"bc872236-d142-4074-9b7f-c3f1998277c4"},"type":"Table","inputs":{"from":"@body('Select_Expired')","format":"HTML"}},"Replace_Expired":{"runAfter":{"Create_HTML_table_Expired":["Succeeded"]},"metadata":{"operationMetadataId":"963bce74-e929-47c6-b119-a0c76c400f31"},"type":"Compose","inputs":"@replace(replace(replace(body('Create_HTML_table_Expired'), '&lt;', '<'), '&gt;', '>'), '&quot;', '\"')"}},"runAfter":{"Do_until":["Succeeded"]},"metadata":{"operationMetadataId":"d8c26c0b-8cc6-46a8-ae16-e8195092b002"},"type":"Scope"},"varAttachment":{"runAfter":{"varApplicationDetails":["Succeeded"]},"metadata":{"operationMetadataId":"66bf6b23-e9a1-45ca-bde5-c403696add31"},"type":"InitializeVariable","inputs":{"variables":[{"name":"varAttachment","type":"array"}]}},"Applications_Details_Were_Found":{"actions":{"Create_CSV_table":{"runAfter":{},"metadata":{"operationMetadataId":"073bbbe2-9097-4609-8c6e-a4e04e07ff33"},"type":"Table","inputs":{"from":"@sort(variables('varApplicationDetails'),'DaysUntilExpire')","format":"CSV"}},"Set_variable":{"runAfter":{"Create_CSV_table":["Succeeded"]},"metadata":{"operationMetadataId":"c43f41d7-147d-49a5-932e-08503977b4ef"},"type":"SetVariable","inputs":{"name":"varAttachment","value":[{"Name":"SecretsCertsEntraApplicationsAll-@{formatDateTime(utcNow(),'MM-dd-yyyy')}.csv","ContentBytes":"@body('Create_CSV_table')"}]}},"Send_an_email_(V2)":{"runAfter":{"Set_variable":["Succeeded"]},"metadata":{"operationMetadataId":"b26e0cf8-2e7e-452a-8486-be9be0b9154a"},"type":"OpenApiConnection","inputs":{"host":{"apiId":"/providers/Microsoft.PowerApps/apis/shared_office365","connectionName":"shared_office365","operationId":"SendEmailV2"},"parameters":{"emailMessage/To":"@variables('varEmailTo')","emailMessage/Subject":"Azure AD Secrets and Certificates Report @{formatDateTime(utcNow(),'MM-dd-yyyy')}","emailMessage/Body":"@{outputs('CSS')}\n\n<H3>Expiring in less than @{variables('varDaysUntilExpire')} days (@{length(body('Select_Not_Expired'))})</H3>\n@{coalesce(outputs('Replace_Not_Expired'),'None')}\n\n<H3>Expired (@{length(body('Filter_array_-_Expired'))})</H3>\n@{coalesce(outputs('Replace_Expired'),'None')}\n<P>See attachment for all @{length(variables('varApplicationDetails'))} secrets and certificates.</P>","emailMessage/Attachments":"@variables('varAttachment')","emailMessage/Importance":"Normal"},"authentication":"@parameters('$authentication')"}}},"runAfter":{"Counts":["Succeeded"]},"expression":{"greater":["@length(variables('varApplicationDetails'))",0]},"metadata":{"operationMetadataId":"d4fc47a8-cdec-4f2d-8082-8907bbed969d"},"type":"If"},"Counts":{"runAfter":{"Filter_and_Shape_Data":["Succeeded"]},"metadata":{"operationMetadataId":"ea67c919-1c00-492b-a065-8bbceb72ce02"},"type":"Compose","inputs":{"TotalNumberOfApplications":"@length(body('Get_Applications')?['value'])","TotalAllSecrets":"@length(variables('varApplicationDetails'))","ExpiredCount":"@length(body('Filter_array_-_Expired'))"}},"varEmailTo":{"runAfter":{"Parse_JSON":["Succeeded"]},"metadata":{"operationMetadataId":"fb8d6f76-7224-46c4-9e41-0555b0042405"},"type":"InitializeVariable","inputs":{"variables":[{"name":"varEmailTo","type":"string"}]}},"varClientId":{"runAfter":{},"metadata":{"operationMetadataId":"f37c7934-9e5e-4bfd-b168-55f5b3f0e45e"},"type":"InitializeVariable","inputs":{"variables":[{"name":"varClientId","type":"string"}]}},"varTenantId":{"runAfter":{"varClientId":["Succeeded"]},"metadata":{"operationMetadataId":"56fbc8fd-9ef6-4efe-853d-15f35176b349"},"type":"InitializeVariable","inputs":{"variables":[{"name":"varTenantId","type":"string"}]}},"varClientSecret":{"runAfter":{"varTenantId":["Succeeded"]},"metadata":{"operationMetadataId":"c41f4486-adac-40df-9341-9cf584073883"},"type":"InitializeVariable","inputs":{"variables":[{"name":"varClientSecret","type":"string"}]}},"CSS":{"runAfter":{"varDaysUntilExpire":["Succeeded"]},"metadata":{"operationMetadataId":"7a036830-aa7c-4481-991f-aadf025cf2c5"},"type":"Compose","inputs":"<style>\n    table {\n        border-collapse: collapse;\n        width: 100%;\n        table-layout: fixed;\n    }\n    table th, table td {\n        border: 1px solid #AAAAAA;\n        padding: 4px;\n        text-align: left;\n    }\n    table tr:nth-child(even) {\n        background-color: #D9E1F2;\n    }\n    table thead {\n        background-color: #7B73A4;\n        color: white;\n        font-weight: bold;\n    }\n</style>"},"Get_Access_Token":{"runAfter":{"varClientSecret":["Succeeded"]},"metadata":{"operationMetadataId":"289d7306-f8d6-4660-b53f-2357faeb5cbe"},"type":"Http","inputs":{"method":"POST","uri":"https://login.microsoftonline.com/@{variables('varTenantID')}/oauth2/token","headers":{"Content-Type":"application/x-www-form-urlencoded"},"body":"client_id=@{variables('varClientID')}&client_secret=@{variables('varClientSecret')}&resource=https://graph.microsoft.com&grant_type=client_credentials"}},"Parse_JSON":{"runAfter":{"Get_Access_Token":["Succeeded"]},"metadata":{"operationMetadataId":"9e5edef1-019b-4a5e-bdae-145309f760a2"},"type":"ParseJson","inputs":{"content":"@body('Get_Access_Token')","schema":{"type":"object","properties":{"token_type":{"type":"string"},"expires_in":{"type":"string"},"ext_expires_in":{"type":"string"},"expires_on":{"type":"string"},"not_before":{"type":"string"},"resource":{"type":"string"},"access_token":{"type":"string"}}}}}},"outputs":{},"description":"Uses Microsoft Graph API to get expiring and expired secrets and certificates within the tenant."},"connectionReferences":{"shared_office365":{"connectionName":"shared-office365-499668e5-8af4-42b1-a52e-b0fd11c2201e","source":"Embedded","id":"/providers/Microsoft.PowerApps/apis/shared_office365","tier":"NotSpecified","apiName":"office365","isProcessSimpleApiReferenceConversionAlreadyDone":false}},"flowFailureAlertSubscribed":false,"isManaged":false}}