{"name":"b5b68e41-cce4-414a-a1d5-fa6af4924295","id":"/providers/Microsoft.Flow/flows/b5b68e41-cce4-414a-a1d5-fa6af4924295","type":"Microsoft.Flow/flows","properties":{"apiId":"/providers/Microsoft.PowerApps/apis/shared_logicflows","displayName":"Get Canvas and Model Driven App Info","definition":{"metadata":{"workflowEntityId":null,"processAdvisorMetadata":null,"flowChargedByPaygo":null,"flowclientsuspensionreason":"None","flowclientsuspensiontime":null,"flowclientsuspensionreasondetails":null,"creator":{"id":"cf92ffcb-71a8-4919-9068-e1e7b170f02c","type":"User","tenantId":"b5976420-83ee-4ae8-b567-aa3d16095d7a"},"provisioningMethod":"FromDefinition","failureAlertSubscription":true,"clientLastModifiedTime":"2025-07-04T18:35:50.4228328Z","connectionKeySavedTimeKey":"2025-07-04T18:35:50.4228328Z","creationSource":"PowerAppsMaker","modifiedSources":"PowerAppsMaker;Portal"},"$schema":"https://schema.management.azure.com/providers/Microsoft.Logic/schemas/2016-06-01/workflowdefinition.json#","contentVersion":"1.0.0.0","parameters":{"$connections":{"defaultValue":{},"type":"Object"},"$authentication":{"defaultValue":{},"type":"SecureObject"}},"triggers":{"Recurrence":{"recurrence":{"frequency":"Month","interval":1},"metadata":{"operationMetadataId":"e51a06ea-bd7a-45c5-a750-677e88ca0005"},"type":"Recurrence"}},"actions":{"Retrieves_a_list_of_environments":{"runAfter":{"Get_pages_for_a_specific_section":["Succeeded"]},"metadata":{"operationMetadataId":"cd822424-5aa6-4f6f-a264-350b44976174"},"type":"OpenApiConnection","inputs":{"host":{"apiId":"/providers/Microsoft.PowerApps/apis/shared_powerplatformadminv2","connectionName":"shared_powerplatformadminv2","operationId":"ListEnvironmentsForUser"},"parameters":{"api-version":"2022-03-01-preview"},"authentication":"@parameters('$authentication')"}},"Apply_to_each":{"foreach":"@outputs('Retrieves_a_list_of_environments')?['body/value']","actions":{"List_Model_Driven_Apps":{"runAfter":{},"metadata":{"operationMetadataId":"0ecee529-c10a-4205-9b76-56d1ce4ba64e"},"type":"OpenApiConnection","inputs":{"host":{"apiId":"/providers/Microsoft.PowerApps/apis/shared_commondataserviceforapps","connectionName":"shared_commondataserviceforapps_1","operationId":"ListRecordsWithOrganization"},"parameters":{"organization":"@items('Apply_to_each')?['url']","entityName":"appmodules","$select":"appmoduleid,name,_organizationid_value,solutionid,uniquename,_modifiedby_value,createdon,modifiedon,_createdby_value","$orderby":"name"},"authentication":"@parameters('$authentication')"}},"Select_-_Model":{"runAfter":{"List_Model_Driven_Apps":["Succeeded"]},"metadata":{"operationMetadataId":"4161a934-40b3-4832-b7b4-24acb2a55a64"},"type":"Select","inputs":{"from":"@outputs('List_Model_Driven_Apps')?['body/value']","select":{"UniqueName":"@item()?['uniquename']","id":"@item()?['appmoduleid']","DisplayName":"<a href=\"@{items('Apply_to_each')?['url']}/main.aspx?appid=@{item()?['appmoduleid']}\">@{item()?['name']}</a>","Owner":"@item()?['_createdby_value@OData.Community.Display.V1.FormattedValue']","ModifiedOn":"@formatDateTime(item()?['modifiedon'],'g')","Type":"Model-Driven"}}},"Union":{"runAfter":{"Select_-_Canvas_Sort":["Succeeded"]},"metadata":{"operationMetadataId":"b8a9b9e8-18b6-410e-aaea-f5e797e5293b"},"type":"Compose","inputs":"@union(body('Select_-_Canvas_Sort'),body('Select_-_Model'))","description":"union(body('Select_-_Canvas_Sort'),body('Select_-_Model'))"},"Environment_Info":{"runAfter":{"Union":["Succeeded"]},"metadata":{"operationMetadataId":"c846b621-44dc-47a5-8364-0e1024b59c55"},"type":"Compose","inputs":"<table border=\"1\"; Width=\"500\">\n  <tr>\n    <th style=\"border: 1px solid #ccc; padding: 8px; background-color: #f2f2f2;\">Field</th>\n    <th style=\"border: 1px solid #ccc; padding: 8px; background-color: #f2f2f2;\">Value</th>\n  </tr>\n  <tr>\n    <td style=\"border: 1px solid #ccc; padding: 8px;\"><strong>Id</strong></td>\n    <td style=\"border: 1px solid #ccc; padding: 8px;\">@{items('Apply_to_each')?['id']}</td>\n  </tr>\n  <tr>\n    <td style=\"border: 1px solid #ccc; padding: 8px;\"><strong>Display Name</strong></td>\n    <td style=\"border: 1px solid #ccc; padding: 8px;\">@{items('Apply_to_each')?['displayName']}</td>\n  </tr>\n  <tr>\n    <td style=\"border: 1px solid #ccc; padding: 8px;\"><strong>Url</strong></td>\n    <td style=\"border: 1px solid #ccc; padding: 8px;\">@{items('Apply_to_each')?['url']}</td>\n  </tr>\n  <tr>\n    <td style=\"border: 1px solid #ccc; padding: 8px;\"><strong>Type</strong></td>\n    <td style=\"border: 1px solid #ccc; padding: 8px;\">@{items('Apply_to_each')?['type']}</td>\n  </tr>\n  <tr>\n    <td style=\"border: 1px solid #ccc; padding: 8px;\"><strong>Canvas App Count</strong></td>\n    <td style=\"border: 1px solid #ccc; padding: 8px;\">@{length(body('Select_-_Canvas'))}</td>\n  </tr>\n  <tr>\n    <td style=\"border: 1px solid #ccc; padding: 8px;\"><strong>Model-Driven App Count</strong></td>\n    <td style=\"border: 1px solid #ccc; padding: 8px;\">@{length(body('Select_-_Model'))}</td>\n  </tr>\n  <tr>\n    <td style=\"border: 1px solid #ccc; padding: 8px;\"><strong>Total</strong></td>\n    <td style=\"border: 1px solid #ccc; padding: 8px;\">@{length(outputs('Union'))}</td>\n  </tr>\n</table>"},"Create_HTML_table":{"runAfter":{"Environment_Info":["Succeeded"]},"metadata":{"operationMetadataId":"1e445141-e9c7-419c-bca4-c9d105446a2e"},"type":"Table","inputs":{"from":"@outputs('Union')","format":"HTML"}},"HTML_Table_Replace":{"runAfter":{"Create_HTML_table":["Succeeded"]},"metadata":{"operationMetadataId":"690b02c4-9d83-4b94-ba25-76821cbbed84"},"type":"Compose","inputs":"@replace(replace(replace(body('Create_HTML_table'), '&lt;', '<'), '&gt;', '>'), '&quot;', '\"')"},"OneNote_Body":{"runAfter":{"HTML_Table_Replace":["Succeeded"]},"metadata":{"operationMetadataId":"5e368c67-fdfe-4a4c-9ae8-0757535a049a"},"type":"Compose","inputs":"<html>\n<head>\n<title>@{items('Apply_to_each')?['displayName']}</title>\n</head>\n<body>\n<h1>Environment Details</h1>\n@{outputs('Environment_Info')}\n<H1>App Details</H1>\n@{replace(replace(replace(outputs('HTML_Table_Replace'), '<table>', '<table border=\"1\"; Width=\"1000\">'), '<th>', '<th style=\"border: 1px solid #ccc; padding: 8px; background-color: #f2f2f2;\">'), '<td>', '<td style=\"border: 1px solid #ccc; padding: 8px;\">')}\n</body>\n</html>"},"Filter_array_-_OneNote_Page":{"runAfter":{"OneNote_Body":["Succeeded"]},"metadata":{"operationMetadataId":"6131e2df-725f-44b0-883d-d57293324083"},"type":"Query","inputs":{"from":"@outputs('Get_pages_for_a_specific_section')?['body/value']","where":"@equals(item()?['title'], items('Apply_to_each')?['displayName'])"}},"Does_OneNote_Page_Exist":{"actions":{"Update_page_content":{"runAfter":{},"metadata":{"operationMetadataId":"257ccfc5-8fb7-4fee-a0f6-107f967fbb65"},"type":"OpenApiConnection","inputs":{"host":{"apiId":"/providers/Microsoft.PowerApps/apis/shared_onenote","connectionName":"shared_onenote","operationId":"UpdatePageContent"},"parameters":{"notebookKey":"My Test Notebook|$|https://powerfxhelp-my.sharepoint.com/personal/365admin_powerfxhelp_onmicrosoft_com/Documents/Notebooks/My Test Notebook","sectionId":"https://www.onenote.com/api/v1.0/myOrganization/siteCollections/5a4e8b02-957d-41e9-8435-551c63af2e5f/sites/bd8b664f-4f02-42ca-b579-be07c87bfc38/notes/sections/1-9f5eddd5-6b2c-496d-a88d-f312563e9001/pages","pageId":"@first(body('Filter_array_-_OneNote_Page'))?['id']","updates":[{"target":"body","action":"replace","position":"after","content":"@outputs('OneNote_Body')"}]},"authentication":"@parameters('$authentication')"}}},"runAfter":{"Filter_array_-_OneNote_Page":["Succeeded"]},"else":{"actions":{"Create_page_in_a_section":{"runAfter":{},"metadata":{"operationMetadataId":"07b405d9-b29b-473e-a2f0-b4e079df66d5"},"type":"OpenApiConnection","inputs":{"host":{"apiId":"/providers/Microsoft.PowerApps/apis/shared_onenote","connectionName":"shared_onenote","operationId":"CreatePageInSection"},"parameters":{"notebookKey":"My Test Notebook|$|https://powerfxhelp-my.sharepoint.com/personal/365admin_powerfxhelp_onmicrosoft_com/Documents/Notebooks/My Test Notebook","sectionId":"https://www.onenote.com/api/v1.0/myOrganization/siteCollections/5a4e8b02-957d-41e9-8435-551c63af2e5f/sites/bd8b664f-4f02-42ca-b579-be07c87bfc38/notes/sections/1-9f5eddd5-6b2c-496d-a88d-f312563e9001/pages","pageContent":"@outputs('OneNote_Body')"},"authentication":"@parameters('$authentication')"}}}},"expression":{"equals":["@not(empty(body('Filter_array_-_OneNote_Page')))","@true"]},"metadata":{"operationMetadataId":"4177a111-778b-4643-a482-6d152ab5c027"},"type":"If"},"Get_Apps_as_Admin":{"runAfter":{"Select_-_Model":["Succeeded"]},"metadata":{"operationMetadataId":"7cdbdf1e-0133-4dcc-af12-ab7c0b5d4335"},"type":"OpenApiConnection","inputs":{"host":{"apiId":"/providers/Microsoft.PowerApps/apis/shared_powerappsforadmins","connectionName":"shared_powerappsforadmins","operationId":"Get-AdminApps"},"parameters":{"environment":"@items('Apply_to_each')?['id']","api-version":"2016-11-01"},"authentication":"@parameters('$authentication')"}},"Select_-_Canvas":{"runAfter":{"Get_Apps_as_Admin":["Succeeded"]},"metadata":{"operationMetadataId":"979f1027-639f-4339-859b-1b5a2e4fc880"},"type":"Select","inputs":{"from":"@outputs('Get_Apps_as_Admin')?['body/value']","select":{"UniqueName":"@coalesce(item()?['logicalName'],'N/A')","id":"@item()?['name']","DisplayName":"<a href=\"@{item()?['properties/appOpenUri']}\">@{item()?['properties/displayName']}</a>","Owner":"@item()?['properties/owner/displayName']","ModifiedOn":"@formatDateTime(item()?['properties/lastModifiedTime'], 'g')","Type":"Canvas","Name":"@item()?['properties/displayName']"}},"description":"Adding a 'Name' property to sort on the displayName in the next action"},"Select_-_Canvas_Sort":{"runAfter":{"Select_-_Canvas":["Succeeded"]},"metadata":{"operationMetadataId":"a4212099-ad6f-4952-838b-b73b2298d24f"},"type":"Select","inputs":{"from":"@sort(body('Select_-_Canvas'),'Name')","select":"@removeProperty(item(),'Name')"},"description":"Sort on the Name property from the prior step, then drop the column"}},"runAfter":{"Retrieves_a_list_of_environments":["Succeeded"]},"metadata":{"operationMetadataId":"ac95f378-9547-4cf1-8090-79aa279a2672"},"type":"Foreach"},"Get_pages_for_a_specific_section":{"runAfter":{},"metadata":{"operationMetadataId":"fdd2da18-ecd6-41ba-a9f1-7a20d3bc71d5"},"type":"OpenApiConnection","inputs":{"host":{"apiId":"/providers/Microsoft.PowerApps/apis/shared_onenote","connectionName":"shared_onenote","operationId":"GetPagesInSection"},"parameters":{"notebookKey":"My Test Notebook|$|https://powerfxhelp-my.sharepoint.com/personal/365admin_powerfxhelp_onmicrosoft_com/Documents/Notebooks/My Test Notebook","sectionId":"https://www.onenote.com/api/v1.0/myOrganization/siteCollections/5a4e8b02-957d-41e9-8435-551c63af2e5f/sites/bd8b664f-4f02-42ca-b579-be07c87bfc38/notes/sections/1-9f5eddd5-6b2c-496d-a88d-f312563e9001/pages"},"authentication":"@parameters('$authentication')"}}}},"connectionReferences":{"shared_powerplatformadminv2":{"connectionName":"shared-powerplatform-aa5a313e-ccac-4425-806e-4bd00807194f","source":"Embedded","id":"/providers/Microsoft.PowerApps/apis/shared_powerplatformadminv2","tier":"NotSpecified","apiName":"powerplatformadminv2","isProcessSimpleApiReferenceConversionAlreadyDone":false},"shared_commondataserviceforapps_1":{"connectionName":"shared-commondataser-3965fa15-08a7-4b8e-83ea-d08304905336","source":"Embedded","id":"/providers/Microsoft.PowerApps/apis/shared_commondataserviceforapps","tier":"NotSpecified","apiName":"commondataserviceforapps","isProcessSimpleApiReferenceConversionAlreadyDone":false},"shared_onenote":{"connectionName":"shared-onenote-7c79a6e1-89db-49ba-bb91-f4b17c92dff1","source":"Embedded","id":"/providers/Microsoft.PowerApps/apis/shared_onenote","tier":"NotSpecified","apiName":"onenote","isProcessSimpleApiReferenceConversionAlreadyDone":false},"shared_powerappsforadmins":{"connectionName":"shared-powerappsfora-3e9542eb-8d67-418b-bece-25a8839f603f","source":"Embedded","id":"/providers/Microsoft.PowerApps/apis/shared_powerappsforadmins","tier":"NotSpecified","apiName":"powerappsforadmins","isProcessSimpleApiReferenceConversionAlreadyDone":false}},"flowFailureAlertSubscribed":false,"isManaged":false}}